Fund Name,P1,P2,P3,P4,P5,Topsis Score,Rank
M1,0.66,0.44,4.6,45.0,12.68,0.5764035433226404,5.0
M2,0.75,0.56,4.3,35.1,10.18,0.5240195494742407,4.0
M3,0.94,0.88,6.5,47.9,14.06,0.46786228129501706,1.0
M4,0.7,0.49,4.9,33.6,9.92,0.5796673097743698,6.0
M5,0.64,0.41,6.2,44.1,12.84,0.6571042565996317,8.0
M6,0.61,0.37,5.3,55.3,15.4,0.5990201231744768,7.0
M7,0.6,0.36,3.3,61.6,16.47,0.5130221434451022,2.0
M8,0.85,0.72,5.7,31.6,9.72,0.5187955754354527,3.0
